timestamp,lp_gas_value,temperature,humidity,flame_status,fridge_open_duration_sec,fire_risk
2026-04-22 08:00:00,865.18,50.3,87.19,1,64.33,2
2026-04-22 08:00:01,842.01,46.85,89.42,0,78.78,2
2026-04-22 08:00:02,864.17,46.36,87.54,0,74.68,2
2026-04-22 08:00:03,892.38,51.27,88.27,1,75.08,2
2026-04-22 08:00:04,867.54,49.19,89.02,0,83.85,2
2026-04-22 08:00:05,871.66,50.89,85.05,1,70.28,2
2026-04-22 08:00:06,861.4,53.32,87.61,1,79.04,2
2026-04-22 08:00:07,806.84,47.24,87.6,0,57.43,2
2026-04-22 08:00:08,984.14,53.93,89.55,1,61.01,2
2026-04-22 08:00:09,935.14,53.32,87.9,1,77.37,2
2026-04-22 08:00:10,931.73,55.57,83.35,1,56.98,2
2026-04-22 08:00:11,1005.44,50.58,86.92,0,72.8,2
2026-04-22 08:00:12,918.34,49.51,88.21,0,71.45,2
2026-04-22 08:00:13,924.93,55.31,87.67,1,59.16,2
2026-04-22 08:00:14,929.6,51.39,84.02,0,67.69,2
2026-04-22 08:00:15,885.25,53.7,85.84,1,67.58,2
2026-04-22 08:00:16,1011.22,51.18,85.37,0,68.24,2
2026-04-22 08:00:17,1016.34,51.46,90.35,0,71.51,2
2026-04-22 08:00:18,944.87,54.33,89.23,1,73.3,2
2026-04-22 08:00:19,977.09,55.43,89.72,1,75.88,2
2026-04-22 08:00:20,949.74,52.39,86.5,0,69.07,2
2026-04-22 08:00:21,992.75,52.57,89.87,0,82.88,2
2026-04-22 08:00:22,942.56,56.24,87.55,1,70.54,2
2026-04-22 08:00:23,962.29,51.82,90.7,0,88.72,2
2026-04-22 08:00:24,1000.1,56.2,87.81,1,63.73,2
2026-04-22 08:00:25,1023.0,53.23,86.98,0,74.53,2
2026-04-22 08:00:26,979.08,53.07,87.96,0,84.38,2
2026-04-22 08:00:27,941.3,52.8,89.38,0,79.09,2
2026-04-22 08:00:28,972.4,54.38,86.93,0,70.82,2
2026-04-22 08:00:29,1023.0,58.44,85.92,1,67.52,2
2026-04-22 08:00:30,1023.0,58.78,89.05,1,70.04,2
2026-04-22 08:00:31,988.0,53.6,88.82,0,78.36,2
2026-04-22 08:00:32,971.96,57.1,87.73,1,66.47,2
2026-04-22 08:00:33,937.33,58.47,85.34,1,71.35,2
2026-04-22 08:00:34,1005.97,58.29,88.13,1,64.95,2
2026-04-22 08:00:35,1022.24,58.85,85.97,1,60.69,2
2026-04-22 08:00:36,1023.0,58.36,84.75,1,68.39,2
2026-04-22 08:00:37,1023.0,56.49,88.82,0,69.09,2
2026-04-22 08:00:38,600.09,39.05,62.79,0,28.58,1
2026-04-22 08:00:39,651.45,40.13,58.75,0,33.81,1
2026-04-22 08:00:40,599.44,38.35,60.86,0,13.35,1
2026-04-22 08:00:41,635.88,40.03,60.08,0,12.39,1
2026-04-22 08:00:42,674.83,40.23,59.42,0,11.4,1
2026-04-22 08:00:43,626.57,39.7,60.6,0,8.33,1
2026-04-22 08:00:44,649.51,38.45,62.64,0,21.33,1
2026-04-22 08:00:45,638.49,40.51,60.69,0,7.97,1
2026-04-22 08:00:46,687.51,39.72,59.08,0,21.11,1
2026-04-22 08:00:47,584.84,39.79,62.66,0,2.5,1
2026-04-22 08:00:48,594.88,40.24,61.12,0,26.44,1
2026-04-22 08:00:49,643.22,40.64,56.91,0,7.39,1
2026-04-22 08:00:50,642.42,40.04,61.91,0,21.33,1
2026-04-22 08:00:51,680.77,40.42,58.96,0,9.83,1
2026-04-22 08:00:52,641.34,40.34,59.53,0,22.73,1
2026-04-22 08:00:53,670.37,41.91,61.2,0,17.37,1
2026-04-22 08:00:54,629.77,40.38,59.7,0,17.17,1
2026-04-22 08:00:55,666.49,41.32,59.36,0,24.39,1
2026-04-22 08:00:56,704.33,45.84,59.24,1,17.91,2
2026-04-22 08:00:57,712.4,41.19,62.62,0,22.1,1
2026-04-22 08:00:58,669.71,39.76,60.43,0,14.72,1
2026-04-22 08:00:59,702.17,40.67,61.11,0,29.13,1
2026-04-22 08:01:00,674.66,40.32,60.02,0,29.23,1
2026-04-22 08:01:01,673.98,41.68,59.73,0,17.59,1
2026-04-22 08:01:02,666.13,40.68,62.05,0,19.41,1
2026-04-22 08:01:03,728.12,42.65,61.37,0,18.77,2
2026-04-22 08:01:04,737.71,42.3,59.8,0,4.8,2
2026-04-22 08:01:05,671.03,42.12,60.48,0,14.8,1
2026-04-22 08:01:06,708.17,41.62,62.75,0,18.82,1
2026-04-22 08:01:07,672.84,41.56,62.33,0,23.76,1
2026-04-22 08:01:08,674.22,40.47,60.4,0,0.48,1
2026-04-22 08:01:09,723.48,42.46,58.72,0,4.78,2
2026-04-22 08:01:10,651.97,42.51,58.57,0,22.7,1
2026-04-22 08:01:11,745.86,42.25,60.51,0,22.86,2
2026-04-22 08:01:12,767.39,43.22,61.83,0,15.56,2
2026-04-22 08:01:13,716.69,42.66,60.24,0,32.36,2
2026-04-22 08:01:14,739.88,42.99,59.7,0,6.22,2
2026-04-22 08:01:15,665.59,41.39,62.72,0,18.36,1
2026-04-22 08:01:16,758.56,43.66,57.68,0,13.69,2
2026-04-22 08:01:17,813.69,43.65,58.59,0,12.01,2
2026-04-22 08:01:18,738.01,43.56,60.31,0,12.83,2
2026-04-22 08:01:19,738.67,43.46,57.59,0,11.66,2
2026-04-22 08:01:20,747.08,43.49,61.31,0,5.79,2
2026-04-22 08:01:21,380.16,34.19,76.95,0,95.2,1
2026-04-22 08:01:22,334.06,33.91,78.58,0,107.13,1
2026-04-22 08:01:23,398.27,39.48,77.64,1,84.68,1
2026-04-22 08:01:24,475.87,35.91,79.22,0,107.75,1
2026-04-22 08:01:25,380.59,34.65,75.29,0,93.64,1
2026-04-22 08:01:26,376.49,34.12,78.27,0,77.68,1
2026-04-22 08:01:27,366.48,39.41,81.89,1,101.89,1
2026-04-22 08:01:28,386.29,35.19,77.9,0,92.43,1
2026-04-22 08:01:29,404.04,33.78,75.46,0,93.97,1
2026-04-22 08:01:30,382.98,34.14,83.15,0,100.25,1
2026-04-22 08:01:31,383.03,35.43,81.1,0,88.38,1
2026-04-22 08:01:32,372.88,34.47,80.5,0,108.28,1
2026-04-22 08:01:33,381.31,35.08,75.35,0,77.01,1
2026-04-22 08:01:34,389.41,35.83,80.15,0,105.7,1
2026-04-22 08:01:35,327.67,36.04,79.1,0,96.19,1
2026-04-22 08:01:36,438.01,36.19,81.16,0,104.38,1
2026-04-22 08:01:37,334.02,35.81,81.69,0,104.39,1
2026-04-22 08:01:38,431.06,35.09,77.56,0,106.78,1
2026-04-22 08:01:39,419.16,36.58,80.12,0,111.94,1
2026-04-22 08:01:40,379.93,36.33,77.22,0,100.63,1
2026-04-22 08:01:41,401.77,33.88,79.23,0,105.1,1
2026-04-22 08:01:42,395.16,35.38,77.72,0,103.55,1
2026-04-22 08:01:43,338.73,31.24,58.58,0,0.0,0
2026-04-22 08:01:44,355.21,31.1,56.09,0,7.59,0
2026-04-22 08:01:45,329.81,31.38,56.72,0,6.26,0
2026-04-22 08:01:46,353.37,30.55,57.14,0,21.21,0
2026-04-22 08:01:47,366.05,28.83,58.53,0,10.03,0
2026-04-22 08:01:48,336.39,30.26,55.16,0,0.0,0
2026-04-22 08:01:49,386.18,28.77,58.17,0,0.0,0
2026-04-22 08:01:50,338.31,30.48,57.6,0,1.27,0
2026-04-22 08:01:51,355.88,31.46,55.24,0,0.0,0
2026-04-22 08:01:52,339.71,30.51,55.8,0,4.52,0
2026-04-22 08:01:53,321.34,30.79,57.8,0,8.12,0
2026-04-22 08:01:54,366.02,29.81,58.41,0,0.0,0
2026-04-22 08:01:55,362.83,31.25,55.72,0,7.12,0
2026-04-22 08:01:56,324.84,30.15,58.88,0,1.91,0
2026-04-22 08:01:57,327.12,30.68,56.68,0,0.0,0
2026-04-22 08:01:58,360.31,30.21,58.31,0,0.0,0
2026-04-22 08:01:59,362.83,30.42,58.24,0,0.0,0
2026-04-22 08:02:00,372.07,29.2,57.42,0,0.0,0
2026-04-22 08:02:01,312.15,30.84,56.98,0,7.57,0
2026-04-22 08:02:02,365.96,30.59,57.47,0,0.0,0
2026-04-22 08:02:03,300.66,29.16,53.74,0,0.0,0
2026-04-22 08:02:04,306.16,29.52,57.81,0,16.55,0
2026-04-22 08:02:05,299.81,31.58,56.33,0,0.0,0
2026-04-22 08:02:06,339.14,31.4,55.53,0,0.0,0
2026-04-22 08:02:07,813.74,44.44,86.13,0,79.2,2
2026-04-22 08:02:08,921.72,51.17,83.32,1,76.37,2
2026-04-22 08:02:09,841.7,45.99,84.1,0,66.76,2
2026-04-22 08:02:10,784.63,50.48,83.34,1,82.53,2
2026-04-22 08:02:11,892.82,51.44,85.52,1,73.55,2
2026-04-22 08:02:12,879.85,51.09,84.24,1,81.36,2
2026-04-22 08:02:13,906.69,50.82,85.72,1,65.93,2
2026-04-22 08:02:14,933.37,52.22,85.14,1,65.99,2
2026-04-22 08:02:15,1002.31,49.45,82.67,0,73.49,2
2026-04-22 08:02:16,935.43,49.11,87.09,0,82.12,2
2026-04-22 08:02:17,901.09,53.99,86.46,1,72.28,2
2026-04-22 08:02:18,931.38,50.02,83.89,0,69.08,2
2026-04-22 08:02:19,900.36,48.7,84.15,0,76.13,2
2026-04-22 08:02:20,966.68,50.16,88.17,0,90.14,2
2026-04-22 08:02:21,988.28,55.31,87.09,1,70.52,2
2026-04-22 08:02:22,901.2,54.81,87.27,1,74.77,2
2026-04-22 08:02:23,947.44,55.21,83.13,1,69.27,2
2026-04-22 08:02:24,927.04,54.21,86.05,1,90.2,2
2026-04-22 08:02:25,950.85,54.66,80.93,1,60.01,2
2026-04-22 08:02:26,921.18,52.09,88.62,0,83.98,2
2026-04-22 08:02:27,927.86,51.9,87.51,0,76.78,2
2026-04-22 08:02:28,276.24,32.46,59.42,0,21.82,0
2026-04-22 08:02:29,291.7,32.39,56.72,0,23.19,0
2026-04-22 08:02:30,244.24,32.9,58.92,0,10.75,0
2026-04-22 08:02:31,306.89,31.77,58.41,0,14.87,0
2026-04-22 08:02:32,262.31,30.87,57.2,0,21.56,0
2026-04-22 08:02:33,281.72,32.44,60.43,0,15.1,0
2026-04-22 08:02:34,264.07,32.19,56.46,0,8.56,0
2026-04-22 08:02:35,290.84,31.66,58.9,0,19.62,0
2026-04-22 08:02:36,260.17,31.86,61.04,0,16.59,0
2026-04-22 08:02:37,292.03,31.28,59.92,0,29.66,0
2026-04-22 08:02:38,245.54,30.94,55.91,0,32.42,0
2026-04-22 08:02:39,266.86,30.76,60.37,0,29.73,0
2026-04-22 08:02:40,255.61,30.58,59.14,0,19.68,0
2026-04-22 08:02:41,280.21,31.65,58.38,0,7.94,0
2026-04-22 08:02:42,273.15,30.85,55.42,0,15.55,0
2026-04-22 08:02:43,254.52,30.83,59.57,0,17.1,0
2026-04-22 08:02:44,254.98,29.42,59.97,0,24.72,0
2026-04-22 08:02:45,298.4,31.02,59.8,0,16.37,0
2026-04-22 08:02:46,290.77,30.65,57.49,0,11.62,0
2026-04-22 08:02:47,275.99,30.35,56.96,0,15.86,0
2026-04-22 08:02:48,263.12,31.78,58.05,0,19.78,0
2026-04-22 08:02:49,293.25,31.78,56.38,0,25.92,0
2026-04-22 08:02:50,272.31,32.27,61.04,0,14.41,0
2026-04-22 08:02:51,297.64,32.85,56.76,0,12.02,0
2026-04-22 08:02:52,254.6,30.38,60.71,0,21.84,0
2026-04-22 08:02:53,219.36,30.93,61.26,0,14.96,0
2026-04-22 08:02:54,287.14,30.38,57.67,0,1.45,0
2026-04-22 08:02:55,262.48,30.36,60.83,0,13.49,0
2026-04-22 08:02:56,283.44,30.68,54.23,0,6.24,0
2026-04-22 08:02:57,247.01,30.8,60.94,0,25.17,0
2026-04-22 08:02:58,269.61,29.99,59.47,0,23.0,0
2026-04-22 08:02:59,392.7,30.54,61.81,0,3.84,0
2026-04-22 08:03:00,314.78,31.47,62.34,0,4.73,0
2026-04-22 08:03:01,327.39,31.54,63.3,0,4.66,0
2026-04-22 08:03:02,347.05,30.61,65.2,0,2.11,0
2026-04-22 08:03:03,380.87,30.42,65.09,0,0.0,0
2026-04-22 08:03:04,345.68,30.27,61.58,0,0.0,0
2026-04-22 08:03:05,304.29,31.02,64.4,0,5.99,0
2026-04-22 08:03:06,347.25,31.12,64.46,0,8.7,0
2026-04-22 08:03:07,370.88,30.18,62.95,0,7.25,0
2026-04-22 08:03:08,342.19,29.76,61.17,0,1.02,0
2026-04-22 08:03:09,343.11,31.21,64.92,0,2.67,0
2026-04-22 08:03:10,334.32,30.15,63.91,0,9.26,0
2026-04-22 08:03:11,332.58,31.1,64.9,0,11.99,0
2026-04-22 08:03:12,305.33,30.83,63.67,0,7.59,0
2026-04-22 08:03:13,332.6,29.94,64.69,0,8.73,0
2026-04-22 08:03:14,340.56,30.43,64.72,0,5.01,0
2026-04-22 08:03:15,349.91,30.01,64.76,0,3.08,0
2026-04-22 08:03:16,364.74,30.46,66.36,0,12.9,0
2026-04-22 08:03:17,363.6,29.06,62.23,0,5.27,0
2026-04-22 08:03:18,366.48,30.56,63.58,0,3.69,0
2026-04-22 08:03:19,327.19,30.64,61.33,0,0.0,0
2026-04-22 08:03:20,328.67,30.43,64.12,0,7.26,0
2026-04-22 08:03:21,346.99,31.72,63.1,0,14.8,0
2026-04-22 08:03:22,363.05,30.06,63.98,0,11.26,0
2026-04-22 08:03:23,394.27,29.4,67.25,0,6.88,0
2026-04-22 08:03:24,333.68,30.79,68.4,0,12.42,0
2026-04-22 08:03:25,359.02,30.57,64.52,0,18.88,0
2026-04-22 08:03:26,343.54,31.27,64.52,0,0.0,0
2026-04-22 08:03:27,339.39,30.94,67.02,0,23.57,0
2026-04-22 08:03:28,313.04,34.32,66.42,1,8.44,0
2026-04-22 08:03:29,348.99,30.19,64.99,0,0.0,0
2026-04-22 08:03:30,326.73,30.42,62.95,0,1.02,0
2026-04-22 08:03:31,358.48,30.08,66.63,0,2.87,0
2026-04-22 08:03:32,362.2,30.87,66.23,0,2.15,0
2026-04-22 08:03:33,320.95,30.15,67.76,0,12.59,0
2026-04-22 08:03:34,342.42,30.21,64.79,0,0.0,0
2026-04-22 08:03:35,348.85,30.31,65.2,0,0.72,0
2026-04-22 08:03:36,321.32,32.51,63.37,0,16.86,0
2026-04-22 08:03:37,335.29,30.6,63.23,0,3.88,0
2026-04-22 08:03:38,367.62,30.51,66.3,0,13.08,0
2026-04-22 08:03:39,392.55,31.46,64.41,0,0.0,0
2026-04-22 08:03:40,345.51,30.68,65.78,0,5.48,0
2026-04-22 08:03:41,359.24,30.61,63.33,0,0.0,0
2026-04-22 08:03:42,389.35,30.52,68.33,0,12.98,0
2026-04-22 08:03:43,332.46,30.77,62.8,0,0.97,0
2026-04-22 08:03:44,372.26,31.28,70.48,0,29.66,0
2026-04-22 08:03:45,425.31,32.62,67.17,0,11.17,0
2026-04-22 08:03:46,420.36,32.43,70.13,0,24.4,0
2026-04-22 08:03:47,347.99,31.82,67.57,0,19.5,0
2026-04-22 08:03:48,374.82,32.62,67.67,0,30.28,0
2026-04-22 08:03:49,428.3,32.35,66.68,0,16.51,0
2026-04-22 08:03:50,400.68,32.17,66.96,0,21.92,0
2026-04-22 08:03:51,415.31,32.03,70.05,0,22.08,0
2026-04-22 08:03:52,402.16,32.39,65.87,0,21.38,0
2026-04-22 08:03:53,383.51,31.06,65.85,0,12.75,0
2026-04-22 08:03:54,360.18,31.94,68.24,0,18.59,0
2026-04-22 08:03:55,408.08,31.8,70.09,0,24.4,0
2026-04-22 08:03:56,396.55,33.55,66.57,0,13.16,0
2026-04-22 08:03:57,414.41,30.78,71.24,0,27.1,0
2026-04-22 08:03:58,410.83,33.09,66.58,0,14.26,0
2026-04-22 08:03:59,392.44,31.57,67.13,0,10.55,0
2026-04-22 08:04:00,399.57,31.27,65.87,0,10.83,0
2026-04-22 08:04:01,395.16,32.99,68.37,0,24.94,0
2026-04-22 08:04:02,385.97,31.18,65.59,0,10.51,0
2026-04-22 08:04:03,378.15,31.04,66.82,0,10.02,0
2026-04-22 08:04:04,406.73,30.53,68.29,0,12.8,0
2026-04-22 08:04:05,345.0,30.88,69.91,0,26.29,0
2026-04-22 08:04:06,374.39,32.51,67.0,0,19.19,0
2026-04-22 08:04:07,381.75,32.52,67.54,0,12.89,0
2026-04-22 08:04:08,374.83,31.74,71.66,0,29.9,0
2026-04-22 08:04:09,378.37,31.14,70.15,0,34.77,0
2026-04-22 08:04:10,355.24,30.97,66.59,0,22.06,0
2026-04-22 08:04:11,328.22,31.28,67.27,0,11.73,0
2026-04-22 08:04:12,333.28,31.32,65.18,0,15.24,0
2026-04-22 08:04:13,338.6,32.44,67.69,0,4.66,0
2026-04-22 08:04:14,363.2,31.57,65.93,0,23.23,0
2026-04-22 08:04:15,355.05,32.4,66.16,0,6.81,0
2026-04-22 08:04:16,349.81,32.27,66.17,0,24.03,0
2026-04-22 08:04:17,315.06,29.98,67.51,0,21.86,0
2026-04-22 08:04:18,276.97,30.45,68.09,0,18.96,0
2026-04-22 08:04:19,306.78,28.72,64.76,0,0.0,0
2026-04-22 08:04:20,320.46,29.99,64.75,0,0.0,0
2026-04-22 08:04:21,331.17,30.74,64.41,0,6.96,0
2026-04-22 08:04:22,351.16,30.71,68.14,0,17.22,0
2026-04-22 08:04:23,327.62,29.92,71.22,0,20.52,0
2026-04-22 08:04:24,374.08,28.5,71.04,0,21.41,0
2026-04-22 08:04:25,353.74,30.21,61.29,0,7.87,0
2026-04-22 08:04:26,368.0,29.99,67.08,0,10.05,0
2026-04-22 08:04:27,344.24,30.55,68.95,0,17.89,0
2026-04-22 08:04:28,353.13,30.75,65.39,0,10.52,0
2026-04-22 08:04:29,357.58,29.38,68.51,0,8.48,0
2026-04-22 08:04:30,312.36,30.53,66.4,0,8.49,0
2026-04-22 08:04:31,340.99,30.58,65.97,0,2.88,0
2026-04-22 08:04:32,322.11,30.54,71.52,0,12.2,0
2026-04-22 08:04:33,363.39,31.24,67.39,0,0.0,0
2026-04-22 08:04:34,365.94,30.35,66.38,0,4.54,0
2026-04-22 08:04:35,368.79,31.17,66.15,0,17.3,0
2026-04-22 08:04:36,330.02,30.58,66.15,0,13.34,0
2026-04-22 08:04:37,328.35,30.64,67.27,0,11.74,0
2026-04-22 08:04:38,299.31,29.45,64.57,0,20.79,0
2026-04-22 08:04:39,347.21,30.63,63.72,0,4.13,0
2026-04-22 08:04:40,337.08,30.71,65.9,0,7.6,0
2026-04-22 08:04:41,349.15,29.59,66.19,0,12.27,0
2026-04-22 08:04:42,317.83,29.8,62.55,0,19.63,0
2026-04-22 08:04:43,377.96,29.59,65.12,0,15.95,0
2026-04-22 08:04:44,332.92,31.0,69.4,0,25.86,0
2026-04-22 08:04:45,276.04,31.56,70.3,0,27.17,0
2026-04-22 08:04:46,350.61,29.91,64.53,0,11.48,0
2026-04-22 08:04:47,315.1,31.24,67.83,0,11.08,0
2026-04-22 08:04:48,317.33,30.68,66.98,0,1.46,0
2026-04-22 08:04:49,303.53,30.76,68.72,0,25.01,0
2026-04-22 08:04:50,334.45,30.93,66.85,0,3.48,0
2026-04-22 08:04:51,341.32,31.64,66.36,0,10.3,0
2026-04-22 08:04:52,331.29,31.8,66.79,0,4.67,0
2026-04-22 08:04:53,331.26,29.91,66.67,0,18.26,0
2026-04-22 08:04:54,344.87,31.65,66.7,0,1.91,0
2026-04-22 08:04:55,338.71,30.89,64.66,0,7.14,0
2026-04-22 08:04:56,346.35,31.49,67.85,0,13.02,0
2026-04-22 08:04:57,353.01,30.71,67.0,0,16.38,0
2026-04-22 08:04:58,336.71,30.28,70.69,0,10.31,0
2026-04-22 08:04:59,355.96,31.26,70.04,0,21.55,0
2026-04-22 08:05:00,309.61,32.22,67.09,0,12.4,0
2026-04-22 08:05:01,315.68,32.48,66.19,0,6.68,0
2026-04-22 08:05:02,406.71,30.44,66.26,0,15.48,0
2026-04-22 08:05:03,426.79,31.11,69.74,0,14.59,0
2026-04-22 08:05:04,442.88,29.69,66.44,0,1.74,0
2026-04-22 08:05:05,377.57,30.49,67.17,0,4.15,0
2026-04-22 08:05:06,410.86,30.8,63.41,0,13.06,0
2026-04-22 08:05:07,447.75,30.99,64.34,0,15.37,0
2026-04-22 08:05:08,427.77,31.12,68.93,0,17.82,0
2026-04-22 08:05:09,393.36,30.55,62.98,0,0.0,0
2026-04-22 08:05:10,409.74,29.88,63.46,0,15.72,0
2026-04-22 08:05:11,419.46,31.97,68.07,0,0.0,0
2026-04-22 08:05:12,369.89,32.28,65.17,0,17.72,0
2026-04-22 08:05:13,432.8,30.94,63.75,0,5.01,0
2026-04-22 08:05:14,418.83,30.91,65.02,0,2.88,0
2026-04-22 08:05:15,405.49,31.29,65.92,0,14.29,0
2026-04-22 08:05:16,407.11,30.81,68.24,0,10.75,0
2026-04-22 08:05:17,377.81,31.04,68.11,0,0.0,0
2026-04-22 08:05:18,430.57,29.76,66.11,0,1.11,0
2026-04-22 08:05:19,446.38,30.61,62.77,0,6.56,0
2026-04-22 08:05:20,443.38,31.97,64.15,0,0.0,0
2026-04-22 08:05:21,406.12,32.09,65.47,0,18.41,0
2026-04-22 08:05:22,385.43,30.14,65.0,0,2.4,0
2026-04-22 08:05:23,419.87,31.37,67.98,0,17.9,0
2026-04-22 08:05:24,407.81,30.74,69.44,0,16.42,0
2026-04-22 08:05:25,394.49,29.95,67.36,0,0.06,0
2026-04-22 08:05:26,427.56,31.71,65.94,0,6.1,0
2026-04-22 08:05:27,397.93,30.17,64.16,0,2.4,0
2026-04-22 08:05:28,406.62,29.9,66.83,0,7.37,0
2026-04-22 08:05:29,379.63,31.56,67.73,0,0.0,0
2026-04-22 08:05:30,379.46,31.2,65.9,0,13.31,0
2026-04-22 08:05:31,406.47,30.56,65.19,0,1.16,0
2026-04-22 08:05:32,372.38,30.94,65.37,0,6.43,0
2026-04-22 08:05:33,394.29,30.89,62.38,0,3.15,0
2026-04-22 08:05:34,421.6,31.58,61.97,0,3.41,0
2026-04-22 08:05:35,370.26,31.2,67.07,0,13.45,0
2026-04-22 08:05:36,388.16,31.59,69.42,0,0.83,0
2026-04-22 08:05:37,387.27,31.63,63.29,0,0.0,0
2026-04-22 08:05:38,353.84,31.94,66.94,0,12.63,0
2026-04-22 08:05:39,446.37,31.74,68.39,0,0.84,0
2026-04-22 08:05:40,463.77,31.33,64.43,0,16.16,1
2026-04-22 08:05:41,397.16,30.36,65.17,0,16.25,0
2026-04-22 08:05:42,404.73,32.18,65.95,0,6.33,0
2026-04-22 08:05:43,398.86,32.62,66.82,0,12.1,0
2026-04-22 08:05:44,348.43,30.61,67.84,0,3.62,0
2026-04-22 08:05:45,472.22,33.04,66.04,0,11.53,1
2026-04-22 08:05:46,393.07,32.47,63.48,0,0.0,0
2026-04-22 08:05:47,360.86,30.67,67.39,0,17.34,0
2026-04-22 08:05:48,406.53,31.83,62.65,0,0.0,0
2026-04-22 08:05:49,436.17,31.4,65.61,0,0.0,0
2026-04-22 08:05:50,408.34,31.36,66.99,0,5.83,0
2026-04-22 08:05:51,397.03,30.93,64.98,0,4.01,0
2026-04-22 08:05:52,421.59,32.75,68.54,0,18.96,0
2026-04-22 08:05:53,403.3,31.2,69.65,0,20.92,0
2026-04-22 08:05:54,378.15,30.74,66.34,0,26.7,0
2026-04-22 08:05:55,419.01,31.2,66.97,0,10.01,0
2026-04-22 08:05:56,504.17,34.38,90.73,0,77.24,1
2026-04-22 08:05:57,449.21,33.24,87.94,0,67.74,1
2026-04-22 08:05:58,473.76,34.74,89.04,0,86.06,1
2026-04-22 08:05:59,437.3,34.25,92.72,0,78.21,1
2026-04-22 08:06:00,457.85,34.14,91.75,0,83.83,1
2026-04-22 08:06:01,531.52,35.09,91.64,0,87.81,1
2026-04-22 08:06:02,407.81,35.1,89.29,0,84.79,1
2026-04-22 08:06:03,437.25,34.33,88.96,0,90.68,1
2026-04-22 08:06:04,482.15,34.66,90.02,0,95.41,1
2026-04-22 08:06:05,380.67,39.92,89.29,1,86.08,1
2026-04-22 08:06:06,457.71,35.18,87.02,0,90.5,1
2026-04-22 08:06:07,396.91,35.76,89.35,0,78.45,1
2026-04-22 08:06:08,463.49,36.7,89.05,0,97.36,1
2026-04-22 08:06:09,434.89,35.93,89.77,0,89.65,1
2026-04-22 08:06:10,414.52,36.67,91.74,0,88.41,1
2026-04-22 08:06:11,443.4,35.12,91.65,0,87.04,1
2026-04-22 08:06:12,456.54,36.59,88.74,0,86.54,1
2026-04-22 08:06:13,451.68,35.93,91.94,0,100.5,1
2026-04-22 08:06:14,460.24,36.27,93.37,0,97.41,1
2026-04-22 08:06:15,505.97,34.49,90.9,0,87.46,1
2026-04-22 08:06:16,391.94,36.79,90.24,0,96.32,1
2026-04-22 08:06:17,426.53,38.18,91.74,0,94.36,1
2026-04-22 08:06:18,528.6,37.53,90.65,0,96.76,1
2026-04-22 08:06:19,403.65,38.07,93.89,0,103.34,1
2026-04-22 08:06:20,509.35,36.61,91.62,0,94.69,1
2026-04-22 08:06:21,476.47,37.47,92.97,0,100.82,1
2026-04-22 08:06:22,438.56,37.49,88.28,0,86.23,1
2026-04-22 08:06:23,474.5,37.29,94.39,0,129.82,1
2026-04-22 08:06:24,440.4,38.16,93.5,0,108.54,1
2026-04-22 08:06:25,411.42,36.47,93.11,0,101.28,1
2026-04-22 08:06:26,495.86,37.9,88.85,0,107.05,1
2026-04-22 08:06:27,492.33,38.09,92.51,0,104.24,1
2026-04-22 08:06:28,826.24,52.99,52.76,0,0.0,2
2026-04-22 08:06:29,816.36,57.47,48.1,1,0.0,2
2026-04-22 08:06:30,801.75,52.44,56.21,0,25.07,2
2026-04-22 08:06:31,809.62,51.78,52.02,0,0.0,2
2026-04-22 08:06:32,846.5,53.79,53.42,0,8.95,2
2026-04-22 08:06:33,841.34,54.36,54.3,0,21.66,2
2026-04-22 08:06:34,827.68,53.3,53.71,0,0.0,2
2026-04-22 08:06:35,833.15,54.85,55.87,0,6.27,2
2026-04-22 08:06:36,912.08,59.15,50.53,1,8.42,2
2026-04-22 08:06:37,842.27,55.21,50.93,0,0.0,2
2026-04-22 08:06:38,889.07,59.51,55.04,1,0.0,2
2026-04-22 08:06:39,791.9,53.28,52.77,0,0.0,2
2026-04-22 08:06:40,895.41,56.11,53.49,0,0.0,2
2026-04-22 08:06:41,876.81,54.92,48.73,0,3.68,2
2026-04-22 08:06:42,891.49,56.84,53.31,0,12.08,2
2026-04-22 08:06:43,915.27,56.65,53.41,0,7.98,2
2026-04-22 08:06:44,968.77,58.56,52.97,0,0.0,2
2026-04-22 08:06:45,887.95,57.57,53.75,0,3.68,2
2026-04-22 08:06:46,1001.93,59.24,52.65,0,0.53,2
2026-04-22 08:06:47,884.99,57.76,52.35,0,17.38,2
2026-04-22 08:06:48,965.51,58.46,52.77,0,9.85,2
2026-04-22 08:06:49,873.73,63.09,55.4,1,16.28,2
2026-04-22 08:06:50,903.78,58.96,54.48,0,3.6,2
2026-04-22 08:06:51,847.38,58.52,48.18,0,9.76,2
2026-04-22 08:06:52,946.19,58.79,54.54,0,4.38,2
2026-04-22 08:06:53,929.7,59.41,51.65,0,8.02,2
2026-04-22 08:06:54,893.63,58.11,50.45,0,8.18,2
2026-04-22 08:06:55,909.18,63.77,52.36,1,22.55,2
2026-04-22 08:06:56,979.71,65.66,51.59,1,0.24,2
2026-04-22 08:06:57,952.76,61.88,51.93,0,8.02,2
2026-04-22 08:06:58,868.72,60.8,53.32,0,5.21,2
2026-04-22 08:06:59,840.19,60.43,55.27,0,7.46,2
2026-04-22 08:07:00,939.31,61.8,52.84,0,4.37,2
2026-04-22 08:07:01,958.17,66.44,53.28,1,10.91,2
2026-04-22 08:07:02,942.94,65.3,52.57,1,2.16,2
2026-04-22 08:07:03,973.72,61.84,50.44,0,16.08,2
2026-04-22 08:07:04,980.92,66.99,50.8,1,2.9,2
2026-04-22 08:07:05,1023.0,68.5,52.86,1,0.0,2
2026-04-22 08:07:06,986.8,63.96,50.88,0,6.01,2
2026-04-22 08:07:07,992.57,68.71,53.91,1,0.0,2
2026-04-22 08:07:08,1008.21,64.64,51.49,0,1.11,2
2026-04-22 08:07:09,969.14,64.22,51.08,0,7.84,2
2026-04-22 08:07:10,1020.3,69.53,54.15,1,0.0,2
2026-04-22 08:07:11,997.7,66.36,53.75,0,0.0,2
2026-04-22 08:07:12,1023.0,65.17,50.23,0,8.14,2
2026-04-22 08:07:13,1012.07,65.86,51.9,0,0.82,2
2026-04-22 08:07:14,989.29,64.76,53.96,0,11.07,2
2026-04-22 08:07:15,1023.0,67.56,52.91,0,0.0,2
2026-04-22 08:07:16,1019.56,70.74,52.4,1,0.0,2
2026-04-22 08:07:17,1021.89,66.35,52.29,0,6.04,2
2026-04-22 08:07:18,1023.0,71.2,54.8,1,8.09,2
2026-04-22 08:07:19,1004.44,67.86,51.78,0,0.0,2
2026-04-22 08:07:20,985.66,66.96,52.38,0,0.0,2
2026-04-22 08:07:21,1019.05,68.06,55.52,0,6.45,2
2026-04-22 08:07:22,1017.65,72.19,50.08,1,0.0,2
2026-04-22 08:07:23,600.59,37.31,69.22,0,11.56,1
2026-04-22 08:07:24,634.14,37.9,67.5,0,9.07,1
2026-04-22 08:07:25,633.07,37.22,69.11,0,15.04,1
2026-04-22 08:07:26,594.94,38.09,69.75,0,37.56,1
2026-04-22 08:07:27,553.63,36.07,68.1,0,18.91,1
2026-04-22 08:07:28,607.34,38.35,66.7,0,1.09,1
2026-04-22 08:07:29,633.27,38.55,68.33,0,17.68,1
2026-04-22 08:07:30,589.66,38.07,69.35,0,20.26,1
2026-04-22 08:07:31,685.18,39.75,68.76,0,21.14,1
2026-04-22 08:07:32,597.42,41.97,65.75,1,6.92,1
2026-04-22 08:07:33,704.73,40.48,66.07,0,13.27,1
2026-04-22 08:07:34,615.05,38.28,64.92,0,3.23,1
2026-04-22 08:07:35,615.25,36.66,70.88,0,19.78,1
2026-04-22 08:07:36,612.8,38.25,70.57,0,13.08,1
2026-04-22 08:07:37,584.56,38.06,68.42,0,10.62,1
2026-04-22 08:07:38,594.95,38.32,70.53,0,0.0,1
2026-04-22 08:07:39,620.4,38.65,68.94,0,3.13,1
2026-04-22 08:07:40,619.33,38.06,65.28,0,2.65,1
2026-04-22 08:07:41,572.0,37.96,66.76,0,0.0,1
2026-04-22 08:07:42,723.09,39.55,68.51,0,5.97,1
2026-04-22 08:07:43,628.58,38.13,70.09,0,11.95,1
2026-04-22 08:07:44,532.82,37.52,71.13,0,15.98,1
2026-04-22 08:07:45,679.79,38.77,67.48,0,6.24,1
2026-04-22 08:07:46,623.49,39.14,68.29,0,15.85,1
2026-04-22 08:07:47,600.61,42.33,67.95,1,3.03,1
2026-04-22 08:07:48,600.66,37.67,70.22,0,14.71,1
2026-04-22 08:07:49,611.67,39.01,69.18,0,29.3,1
2026-04-22 08:07:50,674.89,40.03,67.55,0,2.72,1
2026-04-22 08:07:51,640.1,38.86,70.99,0,7.34,1
2026-04-22 08:07:52,665.07,39.52,68.15,0,8.87,1
2026-04-22 08:07:53,629.2,38.61,68.53,0,2.72,1
2026-04-22 08:07:54,659.34,40.25,70.45,0,7.8,1
2026-04-22 08:07:55,630.01,38.56,69.64,0,21.41,1
2026-04-22 08:07:56,708.11,39.03,70.44,0,11.14,1
2026-04-22 08:07:57,739.58,40.44,71.23,0,16.3,1
2026-04-22 08:07:58,628.7,38.47,65.96,0,8.68,1
2026-04-22 08:07:59,603.88,38.98,66.45,0,0.88,1
2026-04-22 08:08:00,655.8,40.35,70.34,0,12.06,1
2026-04-22 08:08:01,651.21,38.74,66.68,0,17.52,1
2026-04-22 08:08:02,657.96,40.76,68.44,0,1.18,1
2026-04-22 08:08:03,657.24,39.67,70.81,0,25.4,1
2026-04-22 08:08:04,639.87,40.06,69.77,0,8.95,1
2026-04-22 08:08:05,714.86,41.66,70.5,0,7.11,1
2026-04-22 08:08:06,609.8,39.24,66.23,0,7.83,1
2026-04-22 08:08:07,658.04,39.29,65.07,0,0.0,1
2026-04-22 08:08:08,664.06,44.8,72.7,1,14.63,1
2026-04-22 08:08:09,649.05,43.72,68.37,1,0.0,1
2026-04-22 08:08:10,618.68,38.88,70.93,0,0.0,1
2026-04-22 08:08:11,686.97,40.54,69.31,0,9.25,1
2026-04-22 08:08:12,685.07,39.47,69.6,0,2.05,1
2026-04-22 08:08:13,713.07,39.8,69.21,0,22.03,1
2026-04-22 08:08:14,657.23,41.02,67.03,0,0.0,1
2026-04-22 08:08:15,647.48,40.62,68.36,0,0.0,1
2026-04-22 08:08:16,762.3,41.42,67.95,0,10.92,1
2026-04-22 08:08:17,785.62,48.57,63.37,1,22.83,2
2026-04-22 08:08:18,757.9,46.28,64.53,1,15.18,2
2026-04-22 08:08:19,787.68,49.56,63.05,1,9.54,2
2026-04-22 08:08:20,848.97,45.73,67.45,0,31.85,2
2026-04-22 08:08:21,795.47,49.25,66.61,1,19.95,2
2026-04-22 08:08:22,846.58,51.33,68.54,1,16.82,2
2026-04-22 08:08:23,833.41,46.16,64.75,0,3.84,2
2026-04-22 08:08:24,723.81,49.13,60.91,1,3.25,2
2026-04-22 08:08:25,768.88,50.32,67.01,1,33.02,2
2026-04-22 08:08:26,806.99,49.77,65.24,1,11.86,2
2026-04-22 08:08:27,844.98,47.64,66.07,0,10.04,2
2026-04-22 08:08:28,838.15,51.57,66.34,1,5.76,2
2026-04-22 08:08:29,851.04,47.73,65.72,0,24.37,2
2026-04-22 08:08:30,901.82,48.38,67.06,0,19.64,2
2026-04-22 08:08:31,846.46,47.95,69.32,0,11.0,2
2026-04-22 08:08:32,816.88,52.15,60.81,1,8.61,2
2026-04-22 08:08:33,891.52,53.76,65.61,1,18.86,2
2026-04-22 08:08:34,863.36,52.86,65.87,1,22.53,2
2026-04-22 08:08:35,807.57,48.11,67.24,0,7.66,2
2026-04-22 08:08:36,900.67,53.57,61.53,1,16.47,2
2026-04-22 08:08:37,801.94,48.68,64.79,0,16.46,2
2026-04-22 08:08:38,483.2,37.63,84.46,0,115.14,1
2026-04-22 08:08:39,444.26,39.38,82.9,0,101.5,1
2026-04-22 08:08:40,445.68,38.45,80.31,0,106.05,1
2026-04-22 08:08:41,509.58,37.84,77.76,0,104.18,1
2026-04-22 08:08:42,426.44,36.77,83.55,0,105.58,1
2026-04-22 08:08:43,477.88,37.68,82.33,0,117.96,1
2026-04-22 08:08:44,388.12,38.23,83.44,0,117.81,1
2026-04-22 08:08:45,464.31,38.82,84.06,0,108.15,1
2026-04-22 08:08:46,449.66,38.26,78.94,0,110.23,1
2026-04-22 08:08:47,512.97,38.0,81.84,0,110.8,1
2026-04-22 08:08:48,411.25,37.4,83.91,0,122.76,1
2026-04-22 08:08:49,433.97,37.14,83.38,0,112.62,1
2026-04-22 08:08:50,431.86,37.8,81.5,0,107.8,1
2026-04-22 08:08:51,434.68,38.28,84.85,0,131.61,1
2026-04-22 08:08:52,460.2,37.41,85.39,0,130.13,1
2026-04-22 08:08:53,460.47,37.3,81.57,0,104.7,1
2026-04-22 08:08:54,387.01,37.31,82.4,0,108.39,1
2026-04-22 08:08:55,476.26,39.29,84.37,0,119.46,1
2026-04-22 08:08:56,456.3,40.16,86.09,0,133.3,1
2026-04-22 08:08:57,437.77,39.03,86.3,0,134.97,1
2026-04-22 08:08:58,384.15,31.2,60.34,0,15.64,0
2026-04-22 08:08:59,355.65,31.2,59.18,0,8.27,0
2026-04-22 08:09:00,350.26,30.47,63.34,0,17.1,0
2026-04-22 08:09:01,355.8,31.49,62.47,0,11.98,0
2026-04-22 08:09:02,272.76,32.37,62.65,0,15.06,0
2026-04-22 08:09:03,322.72,31.49,61.04,0,13.74,0
2026-04-22 08:09:04,353.87,31.41,57.4,0,12.41,0
2026-04-22 08:09:05,329.29,31.42,61.84,0,19.3,0
2026-04-22 08:09:06,345.91,30.91,60.36,0,12.7,0
2026-04-22 08:09:07,295.0,30.89,58.05,0,0.0,0
2026-04-22 08:09:08,298.5,31.98,56.97,0,10.4,0
2026-04-22 08:09:09,296.88,30.76,59.33,0,3.32,0
2026-04-22 08:09:10,337.42,30.34,62.43,0,5.13,0
2026-04-22 08:09:11,342.16,30.68,61.63,0,11.15,0
2026-04-22 08:09:12,300.07,31.8,63.47,0,7.03,0
2026-04-22 08:09:13,311.18,32.31,56.92,0,1.56,0
2026-04-22 08:09:14,308.71,30.99,58.84,0,16.84,0
2026-04-22 08:09:15,358.07,32.69,60.17,0,0.0,0
2026-04-22 08:09:16,345.03,31.43,61.78,0,3.85,0
2026-04-22 08:09:17,322.37,32.96,59.03,0,7.56,0
2026-04-22 08:09:18,336.87,31.76,56.96,0,0.21,0
2026-04-22 08:09:19,293.02,31.32,57.28,0,0.0,0
2026-04-22 08:09:20,308.33,31.88,61.71,0,10.23,0
2026-04-22 08:09:21,344.63,31.62,61.08,0,1.72,0
2026-04-22 08:09:22,332.9,31.2,62.98,0,1.76,0
2026-04-22 08:09:23,338.36,31.47,58.58,0,0.0,0
2026-04-22 08:09:24,582.68,35.75,61.8,0,11.31,1
2026-04-22 08:09:25,679.45,35.96,64.45,0,14.16,1
2026-04-22 08:09:26,625.16,35.97,62.67,0,17.26,1
2026-04-22 08:09:27,682.92,36.49,60.23,0,11.63,1
2026-04-22 08:09:28,631.14,36.39,58.35,0,3.78,1
2026-04-22 08:09:29,620.5,36.35,65.72,0,21.04,1
2026-04-22 08:09:30,667.8,36.01,62.35,0,0.61,1
2026-04-22 08:09:31,642.42,37.29,63.15,0,11.67,1
2026-04-22 08:09:32,595.72,35.38,64.79,0,4.32,1
2026-04-22 08:09:33,623.98,36.54,62.41,0,6.75,1
2026-04-22 08:09:34,656.77,36.42,67.04,0,13.06,1
2026-04-22 08:09:35,638.48,35.7,64.38,0,15.97,1
2026-04-22 08:09:36,676.28,37.26,62.87,0,6.52,1
2026-04-22 08:09:37,631.75,36.73,64.03,0,12.28,1
2026-04-22 08:09:38,698.42,37.02,65.99,0,24.35,1
2026-04-22 08:09:39,685.02,36.91,61.38,0,14.6,1
2026-04-22 08:09:40,663.62,35.52,61.32,0,2.4,1
2026-04-22 08:09:41,660.04,37.06,63.93,0,1.61,1
2026-04-22 08:09:42,694.59,38.0,64.88,0,0.06,1
2026-04-22 08:09:43,700.63,37.41,63.38,0,4.03,1
2026-04-22 08:09:44,683.54,37.36,62.04,0,10.94,1
2026-04-22 08:09:45,606.33,37.48,60.23,0,10.39,1
2026-04-22 08:09:46,716.15,42.11,65.61,1,25.52,2
2026-04-22 08:09:47,662.67,43.19,63.69,1,12.51,1
2026-04-22 08:09:48,658.2,37.05,61.16,0,2.28,1
2026-04-22 08:09:49,712.24,38.78,59.99,0,19.64,1
2026-04-22 08:09:50,756.73,38.79,65.76,0,15.43,1
2026-04-22 08:09:51,290.2,32.67,67.23,0,10.4,0
2026-04-22 08:09:52,311.72,36.55,66.32,1,22.57,1
2026-04-22 08:09:53,303.01,32.13,68.57,0,15.13,0
2026-04-22 08:09:54,265.4,31.67,66.46,0,0.74,0
2026-04-22 08:09:55,290.94,31.04,70.87,0,29.13,0
2026-04-22 08:09:56,308.48,30.95,66.17,0,19.47,0
2026-04-22 08:09:57,263.2,31.32,70.14,0,25.23,0
2026-04-22 08:09:58,249.54,31.98,67.51,0,10.73,0
2026-04-22 08:09:59,315.57,30.44,65.07,0,14.47,0
2026-04-22 08:10:00,315.05,31.53,64.36,0,5.37,0
2026-04-22 08:10:01,284.66,31.3,66.98,0,9.69,0
2026-04-22 08:10:02,363.37,30.96,67.07,0,13.92,0
2026-04-22 08:10:03,288.96,32.76,66.56,0,18.58,0
2026-04-22 08:10:04,283.57,31.08,68.38,0,22.59,0
2026-04-22 08:10:05,279.95,32.11,66.36,0,18.8,0
2026-04-22 08:10:06,313.33,31.56,64.62,0,6.84,0
2026-04-22 08:10:07,310.62,31.09,65.59,0,21.83,0
2026-04-22 08:10:08,304.02,32.64,69.0,0,27.36,0
2026-04-22 08:10:09,330.59,31.78,65.81,0,19.35,0
2026-04-22 08:10:10,320.22,30.91,67.78,0,26.33,0
2026-04-22 08:10:11,309.54,30.11,63.41,0,6.52,0
2026-04-22 08:10:12,295.7,31.77,63.06,0,2.41,0
2026-04-22 08:10:13,297.21,32.28,67.65,0,10.16,0
2026-04-22 08:10:14,293.54,31.29,66.13,0,24.24,0
2026-04-22 08:10:15,288.51,31.88,67.43,0,20.41,0
2026-04-22 08:10:16,288.05,31.24,68.13,0,17.24,0
2026-04-22 08:10:17,317.39,31.77,69.08,0,24.13,0
2026-04-22 08:10:18,289.62,30.07,66.99,0,15.08,0
2026-04-22 08:10:19,283.43,29.28,68.81,0,7.81,0
2026-04-22 08:10:20,253.44,32.83,67.0,0,15.83,0
2026-04-22 08:10:21,278.54,31.55,68.96,0,25.75,0
2026-04-22 08:10:22,265.72,31.31,68.17,0,23.49,0
2026-04-22 08:10:23,255.55,31.33,67.38,0,17.8,0
2026-04-22 08:10:24,285.57,30.11,67.19,0,16.73,0
2026-04-22 08:10:25,246.12,31.02,68.64,0,23.5,0
2026-04-22 08:10:26,303.57,31.42,65.38,0,9.84,0
2026-04-22 08:10:27,249.62,31.1,68.15,0,32.37,0
2026-04-22 08:10:28,282.88,31.29,68.57,0,0.0,0
2026-04-22 08:10:29,272.23,30.39,65.24,0,17.62,0
2026-04-22 08:10:30,243.94,32.05,66.91,0,12.25,0
2026-04-22 08:10:31,256.78,30.0,67.41,0,7.69,0
2026-04-22 08:10:32,265.72,30.78,67.11,0,19.14,0
2026-04-22 08:10:33,258.03,30.8,66.89,0,10.97,0
2026-04-22 08:10:34,254.56,30.28,64.83,0,24.67,0
2026-04-22 08:10:35,260.7,30.82,63.54,0,9.39,0
2026-04-22 08:10:36,283.22,31.17,63.5,0,14.75,0
2026-04-22 08:10:37,243.93,32.0,64.68,0,16.16,0
2026-04-22 08:10:38,241.44,31.49,68.35,0,29.25,0
2026-04-22 08:10:39,248.79,30.91,69.51,0,16.93,0
2026-04-22 08:10:40,246.24,31.19,67.61,0,13.83,0
2026-04-22 08:10:41,275.08,30.69,64.56,0,12.43,0
2026-04-22 08:10:42,262.45,30.62,65.08,0,0.0,0
2026-04-22 08:10:43,258.45,29.28,66.54,0,31.76,0
2026-04-22 08:10:44,254.54,30.3,64.43,0,3.88,0
2026-04-22 08:10:45,324.82,30.05,66.48,0,18.73,0
2026-04-22 08:10:46,333.68,31.87,69.59,0,10.65,0
2026-04-22 08:10:47,343.23,32.19,67.45,0,16.69,0
2026-04-22 08:10:48,303.91,32.61,64.03,0,5.61,0
2026-04-22 08:10:49,317.71,31.69,68.23,0,27.86,0
2026-04-22 08:10:50,345.45,32.95,65.28,0,4.72,0
2026-04-22 08:10:51,282.04,33.2,63.42,0,18.52,0
2026-04-22 08:10:52,276.02,31.67,68.24,0,9.1,0
2026-04-22 08:10:53,343.96,32.07,65.23,0,8.29,0
2026-04-22 08:10:54,313.59,31.63,63.39,0,20.5,0
2026-04-22 08:10:55,332.39,34.9,63.83,0,11.27,0
2026-04-22 08:10:56,340.6,32.57,64.1,0,4.75,0
2026-04-22 08:10:57,341.63,31.99,64.4,0,27.02,0
2026-04-22 08:10:58,327.21,32.15,66.16,0,22.23,0
2026-04-22 08:10:59,337.48,32.4,62.17,0,0.91,0
2026-04-22 08:11:00,334.56,33.31,63.43,0,21.57,0
2026-04-22 08:11:01,365.79,32.1,64.66,0,0.0,0
2026-04-22 08:11:02,337.52,32.38,66.05,0,23.68,0
2026-04-22 08:11:03,305.91,32.26,64.08,0,9.53,0
2026-04-22 08:11:04,299.28,31.85,66.77,0,8.71,0
2026-04-22 08:11:05,256.91,33.06,65.63,0,8.25,0
2026-04-22 08:11:06,300.38,32.16,68.11,0,21.46,0
2026-04-22 08:11:07,343.02,32.8,65.72,0,17.15,0
2026-04-22 08:11:08,303.82,32.83,62.7,0,12.38,0
2026-04-22 08:11:09,341.57,33.67,66.31,0,25.23,0
2026-04-22 08:11:10,290.85,32.66,62.83,0,9.68,0
2026-04-22 08:11:11,322.39,33.7,66.12,0,9.36,0
2026-04-22 08:11:12,314.57,32.24,64.77,0,18.06,0
2026-04-22 08:11:13,332.09,31.03,64.11,0,17.02,0
2026-04-22 08:11:14,395.67,34.0,87.82,0,64.49,1
2026-04-22 08:11:15,354.13,34.36,85.32,0,76.73,1
2026-04-22 08:11:16,318.06,34.68,85.28,0,54.37,0
2026-04-22 08:11:17,297.71,34.2,81.8,0,58.16,0
2026-04-22 08:11:18,318.36,34.8,86.43,0,68.55,1
2026-04-22 08:11:19,381.19,34.2,84.94,0,62.47,1
2026-04-22 08:11:20,348.72,34.11,85.83,0,52.63,0
2026-04-22 08:11:21,373.38,34.54,85.5,0,78.76,1
2026-04-22 08:11:22,359.25,34.75,84.3,0,90.03,1
2026-04-22 08:11:23,332.06,35.54,85.88,0,78.84,1
2026-04-22 08:11:24,354.33,34.9,86.23,0,67.44,1
2026-04-22 08:11:25,356.09,34.77,84.23,0,60.87,1
2026-04-22 08:11:26,380.05,34.72,87.74,0,81.21,1
2026-04-22 08:11:27,358.48,33.78,85.9,0,83.3,1
2026-04-22 08:11:28,362.06,33.59,87.11,0,65.65,1
2026-04-22 08:11:29,325.93,35.18,85.86,0,74.48,1
2026-04-22 08:11:30,400.51,34.58,86.22,0,73.46,1
2026-04-22 08:11:31,360.47,35.98,86.64,0,85.02,1
2026-04-22 08:11:32,367.27,35.29,86.01,0,80.23,1
2026-04-22 08:11:33,373.24,34.3,86.83,0,66.39,1
2026-04-22 08:11:34,331.15,36.77,87.58,0,71.26,1
2026-04-22 08:11:35,288.02,35.28,86.37,0,71.05,1
2026-04-22 08:11:36,385.86,35.16,87.27,0,76.18,1
2026-04-22 08:11:37,355.33,35.69,89.55,0,98.29,1
2026-04-22 08:11:38,426.2,35.12,83.94,0,58.8,0
2026-04-22 08:11:39,412.03,35.65,84.9,0,83.76,1
2026-04-22 08:11:40,443.73,36.19,88.62,0,83.36,1
2026-04-22 08:11:41,397.57,34.89,86.6,0,70.28,1
2026-04-22 08:11:42,379.73,35.7,85.27,0,71.97,1
2026-04-22 08:11:43,402.41,35.61,86.9,0,79.77,1
2026-04-22 08:11:44,339.08,35.87,86.33,0,89.48,1
2026-04-22 08:11:45,321.72,35.58,92.62,0,94.22,1
2026-04-22 08:11:46,367.54,36.09,87.19,0,80.97,1
2026-04-22 08:11:47,397.84,37.19,86.62,0,96.69,1
2026-04-22 08:11:48,475.18,35.65,85.05,0,96.68,1
2026-04-22 08:11:49,388.93,35.71,86.92,0,92.85,1
2026-04-22 08:11:50,362.99,35.86,86.55,0,96.21,1
2026-04-22 08:11:51,437.01,35.82,84.0,0,92.05,1
2026-04-22 08:11:52,422.46,36.76,90.63,0,98.66,1
2026-04-22 08:11:53,347.32,36.32,86.25,0,90.08,1
2026-04-22 08:11:54,425.38,37.58,83.2,0,90.13,1
2026-04-22 08:11:55,408.61,35.87,90.23,0,98.52,1
2026-04-22 08:11:56,380.47,37.37,87.36,0,96.62,1
2026-04-22 08:11:57,429.25,36.61,86.94,0,98.27,1
2026-04-22 08:11:58,402.99,35.94,91.35,0,102.67,1
2026-04-22 08:11:59,405.55,36.21,93.34,0,109.57,1
2026-04-22 08:12:00,432.85,36.73,87.44,0,89.76,1
2026-04-22 08:12:01,410.53,36.1,87.35,0,106.87,1
2026-04-22 08:12:02,479.26,36.45,91.17,0,112.07,1
2026-04-22 08:12:03,460.94,37.51,89.8,0,112.5,1
2026-04-22 08:12:04,384.32,36.79,87.99,0,100.08,1
2026-04-22 08:12:05,443.77,38.13,86.34,0,101.64,1
2026-04-22 08:12:06,412.75,37.43,86.59,0,100.33,1
2026-04-22 08:12:07,446.69,36.5,90.11,0,119.02,1
2026-04-22 08:12:08,370.44,32.89,64.73,0,0.0,0
2026-04-22 08:12:09,322.62,32.12,63.85,0,4.35,0
2026-04-22 08:12:10,339.95,33.41,63.62,0,0.0,0
2026-04-22 08:12:11,360.94,32.57,66.57,0,6.21,0
2026-04-22 08:12:12,384.67,32.37,60.59,0,1.08,0
2026-04-22 08:12:13,317.86,32.39,66.68,0,0.0,0
2026-04-22 08:12:14,348.32,33.03,62.37,0,0.0,0
2026-04-22 08:12:15,364.84,32.67,63.66,0,5.41,0
2026-04-22 08:12:16,305.98,32.78,65.95,0,5.22,0
2026-04-22 08:12:17,274.49,33.2,60.18,0,1.8,0
2026-04-22 08:12:18,351.67,33.01,64.83,0,0.0,0
2026-04-22 08:12:19,330.79,32.7,63.61,0,0.0,0
2026-04-22 08:12:20,367.32,33.09,63.5,0,6.63,0
2026-04-22 08:12:21,377.07,32.56,61.69,0,0.0,0
2026-04-22 08:12:22,364.25,33.44,60.91,0,3.35,0
2026-04-22 08:12:23,354.97,33.28,60.53,0,0.0,0
2026-04-22 08:12:24,382.83,37.67,62.21,1,0.0,1
2026-04-22 08:12:25,361.09,32.8,64.93,0,0.0,0
2026-04-22 08:12:26,385.88,32.86,63.36,0,7.29,0
2026-04-22 08:12:27,375.57,33.71,65.87,0,2.93,0
2026-04-22 08:12:28,367.64,33.72,65.27,0,3.94,0
2026-04-22 08:12:29,345.23,34.02,66.87,0,0.0,0
2026-04-22 08:12:30,400.78,32.73,64.39,0,0.0,0
2026-04-22 08:12:31,349.23,33.75,62.86,0,14.3,0
2026-04-22 08:12:32,382.93,31.68,65.17,0,0.0,0
2026-04-22 08:12:33,382.32,32.86,62.14,0,0.0,0
2026-04-22 08:12:34,348.67,33.84,64.52,0,0.0,0
2026-04-22 08:12:35,409.5,32.88,65.2,0,0.0,0
2026-04-22 08:12:36,399.28,33.31,60.42,0,0.0,0
2026-04-22 08:12:37,353.44,33.66,61.71,0,8.58,0
2026-04-22 08:12:38,352.42,33.99,63.7,0,8.69,0
2026-04-22 08:12:39,374.59,33.39,64.36,0,0.91,0
2026-04-22 08:12:40,386.74,34.71,59.02,0,0.4,0
2026-04-22 08:12:41,343.51,34.8,62.07,0,4.59,0
2026-04-22 08:12:42,388.01,33.52,63.02,0,0.0,0
2026-04-22 08:12:43,371.41,35.3,66.1,0,0.55,0
2026-04-22 08:12:44,408.2,34.65,64.22,0,3.26,0
2026-04-22 08:12:45,371.66,35.18,65.07,0,8.57,0
2026-04-22 08:12:46,409.33,34.54,61.92,0,0.0,0
2026-04-22 08:12:47,402.76,35.46,63.53,0,0.02,0
2026-04-22 08:12:48,375.47,34.52,61.16,0,0.0,0
2026-04-22 08:12:49,427.31,36.93,72.87,0,51.35,1
2026-04-22 08:12:50,462.65,37.39,69.92,0,51.05,1
2026-04-22 08:12:51,457.11,37.03,72.47,0,50.5,1
2026-04-22 08:12:52,500.62,36.48,70.86,0,50.57,1
2026-04-22 08:12:53,417.93,37.06,74.12,0,55.33,1
2026-04-22 08:12:54,497.09,37.63,68.89,0,48.93,1
2026-04-22 08:12:55,462.55,37.64,70.85,0,48.41,1
2026-04-22 08:12:56,426.94,37.68,73.01,0,50.64,1
2026-04-22 08:12:57,461.66,37.6,71.53,0,59.75,1
2026-04-22 08:12:58,484.24,37.54,73.71,0,80.2,1
2026-04-22 08:12:59,449.95,37.99,71.87,0,51.02,1
2026-04-22 08:13:00,529.57,40.01,74.4,0,60.35,1
2026-04-22 08:13:01,523.72,38.22,76.19,0,61.82,1
2026-04-22 08:13:02,533.94,38.74,72.44,0,58.22,1
2026-04-22 08:13:03,461.15,38.48,75.27,0,60.84,1
2026-04-22 08:13:04,385.18,37.82,73.68,0,68.19,1
2026-04-22 08:13:05,512.7,38.85,70.93,0,69.77,1
2026-04-22 08:13:06,409.75,38.38,73.75,0,66.95,1
2026-04-22 08:13:07,526.48,39.08,72.91,0,57.41,1
2026-04-22 08:13:08,462.47,38.9,69.78,0,67.1,1
2026-04-22 08:13:09,525.84,39.41,74.23,0,65.87,1
2026-04-22 08:13:10,500.12,39.29,70.83,0,71.28,1
2026-04-22 08:13:11,370.14,31.16,59.31,0,16.1,0
2026-04-22 08:13:12,391.19,31.47,57.08,0,3.48,0
2026-04-22 08:13:13,406.32,32.14,55.56,0,0.0,0
2026-04-22 08:13:14,420.86,31.52,60.93,0,9.92,0
2026-04-22 08:13:15,354.95,31.36,59.48,0,16.03,0
2026-04-22 08:13:16,421.14,31.69,59.45,0,0.88,0
2026-04-22 08:13:17,420.3,36.0,63.28,1,11.81,1
2026-04-22 08:13:18,348.4,30.21,62.36,0,0.0,0
2026-04-22 08:13:19,337.76,31.34,60.66,0,0.0,0
2026-04-22 08:13:20,339.44,31.59,61.12,0,2.65,0
2026-04-22 08:13:21,366.84,31.78,61.59,0,6.11,0
2026-04-22 08:13:22,395.55,31.36,60.66,0,1.51,0
2026-04-22 08:13:23,373.07,31.05,56.58,0,8.13,0
2026-04-22 08:13:24,424.28,31.85,60.45,0,0.49,0
2026-04-22 08:13:25,388.77,31.62,58.23,0,2.74,0
2026-04-22 08:13:26,385.0,31.51,62.31,0,11.71,0
2026-04-22 08:13:27,324.82,32.62,58.18,0,10.0,0
2026-04-22 08:13:28,358.98,29.49,62.54,0,19.24,0
2026-04-22 08:13:29,357.22,32.86,59.73,0,0.0,0
2026-04-22 08:13:30,371.81,32.1,59.5,0,0.0,0
2026-04-22 08:13:31,371.96,31.67,58.42,0,0.0,0
2026-04-22 08:13:32,340.63,32.22,57.72,0,0.0,0
2026-04-22 08:13:33,372.98,31.89,60.1,0,11.51,0
2026-04-22 08:13:34,364.82,37.17,55.49,1,5.28,1
2026-04-22 08:13:35,324.53,32.11,59.82,0,0.0,0
2026-04-22 08:13:36,365.11,33.67,59.58,0,2.18,0
2026-04-22 08:13:37,343.85,32.21,55.95,0,0.0,0
2026-04-22 08:13:38,320.55,31.22,57.34,0,0.0,0
2026-04-22 08:13:39,339.01,34.15,61.3,0,0.0,0
2026-04-22 08:13:40,379.26,32.96,59.01,0,12.19,0
2026-04-22 08:13:41,395.01,31.61,55.63,0,0.0,0
2026-04-22 08:13:42,360.84,31.86,65.76,0,4.5,0
2026-04-22 08:13:43,391.01,32.29,67.76,0,17.95,0
2026-04-22 08:13:44,337.79,32.76,63.98,0,14.15,0
2026-04-22 08:13:45,358.42,30.95,64.09,0,2.94,0
2026-04-22 08:13:46,347.43,31.29,65.95,0,6.12,0
2026-04-22 08:13:47,330.78,31.68,66.85,0,18.85,0
2026-04-22 08:13:48,309.56,31.52,61.42,0,0.0,0
2026-04-22 08:13:49,355.78,32.84,66.56,0,8.15,0
2026-04-22 08:13:50,338.58,32.33,63.24,0,9.33,0
2026-04-22 08:13:51,326.33,30.78,67.35,0,10.24,0
2026-04-22 08:13:52,387.17,32.19,65.76,0,21.01,0
2026-04-22 08:13:53,375.12,33.22,67.12,0,0.0,0
2026-04-22 08:13:54,363.65,32.9,63.6,0,9.76,0
2026-04-22 08:13:55,395.04,31.35,64.95,0,0.0,0
2026-04-22 08:13:56,391.12,32.17,65.1,0,1.98,0
2026-04-22 08:13:57,352.94,32.55,65.64,0,0.0,0
2026-04-22 08:13:58,390.98,33.1,64.91,0,7.91,0
2026-04-22 08:13:59,366.5,32.07,65.58,0,0.0,0
2026-04-22 08:14:00,368.19,32.07,67.23,0,5.77,0
2026-04-22 08:14:01,373.08,31.65,64.35,0,0.0,0
2026-04-22 08:14:02,409.18,32.14,65.75,0,2.73,0
2026-04-22 08:14:03,397.49,32.77,68.18,0,21.22,0
2026-04-22 08:14:04,375.54,32.42,64.07,0,6.14,0
2026-04-22 08:14:05,428.7,32.78,68.04,0,6.73,0
2026-04-22 08:14:06,330.34,32.35,64.6,0,13.55,0
2026-04-22 08:14:07,441.8,32.63,67.9,0,7.59,0
2026-04-22 08:14:08,387.97,33.04,68.07,0,16.12,0
2026-04-22 08:14:09,357.43,30.86,68.29,0,8.8,0
2026-04-22 08:14:10,411.34,32.1,67.01,0,6.84,0
2026-04-22 08:14:11,403.29,31.99,64.45,0,10.17,0
2026-04-22 08:14:12,356.01,31.5,66.51,0,0.0,0
2026-04-22 08:14:13,330.58,33.37,65.97,0,12.18,0
2026-04-22 08:14:14,386.68,33.96,64.0,0,0.0,0
2026-04-22 08:14:15,387.11,32.93,66.9,0,5.66,0
2026-04-22 08:14:16,376.37,31.87,64.82,0,0.0,0
2026-04-22 08:14:17,404.59,32.38,67.35,0,8.24,0
2026-04-22 08:14:18,401.68,32.97,63.76,0,11.74,0
2026-04-22 08:14:19,397.79,32.23,64.78,0,5.17,0
2026-04-22 08:14:20,347.75,33.51,66.47,0,4.1,0
2026-04-22 08:14:21,371.59,32.36,65.96,0,9.51,0
2026-04-22 08:14:22,413.39,33.47,66.12,0,1.08,0
2026-04-22 08:14:23,374.4,32.41,61.67,0,6.29,0
2026-04-22 08:14:24,394.2,32.72,62.76,0,8.37,0
2026-04-22 08:14:25,456.71,32.67,64.51,0,0.92,1
2026-04-22 08:14:26,383.17,33.08,66.9,0,21.39,0
2026-04-22 08:14:27,345.79,32.95,64.82,0,2.33,0
2026-04-22 08:14:28,405.15,32.45,66.84,0,0.89,0
2026-04-22 08:14:29,393.84,32.18,64.77,0,0.0,0
2026-04-22 08:14:30,426.18,33.76,66.09,0,20.31,0
2026-04-22 08:14:31,417.37,33.41,66.53,0,8.63,0
2026-04-22 08:14:32,409.07,32.42,66.41,0,9.97,0
2026-04-22 08:14:33,411.27,33.68,63.73,0,1.95,0
2026-04-22 08:14:34,341.55,30.89,53.5,0,4.33,0
2026-04-22 08:14:35,356.17,30.51,54.39,0,0.0,0
2026-04-22 08:14:36,340.52,30.35,57.56,0,16.24,0
2026-04-22 08:14:37,377.54,31.08,54.27,0,2.7,0
2026-04-22 08:14:38,356.36,30.92,56.66,0,0.09,0
2026-04-22 08:14:39,351.61,30.41,57.0,0,0.0,0
2026-04-22 08:14:40,333.77,29.83,56.54,0,0.0,0
2026-04-22 08:14:41,361.69,30.73,57.95,0,0.0,0
2026-04-22 08:14:42,351.88,31.96,54.66,0,0.0,0
2026-04-22 08:14:43,332.63,30.53,57.85,0,11.46,0
2026-04-22 08:14:44,318.17,31.51,58.97,0,15.64,0
2026-04-22 08:14:45,324.88,31.58,54.4,0,8.5,0
2026-04-22 08:14:46,339.96,31.53,55.83,0,9.14,0
2026-04-22 08:14:47,335.02,31.41,55.82,0,4.7,0
2026-04-22 08:14:48,396.91,31.14,56.08,0,5.88,0
2026-04-22 08:14:49,271.17,30.54,56.74,0,0.0,0
2026-04-22 08:14:50,343.07,31.3,61.74,0,1.73,0
2026-04-22 08:14:51,323.13,32.02,58.36,0,8.09,0
2026-04-22 08:14:52,362.73,30.47,60.58,0,6.22,0
2026-04-22 08:14:53,327.47,31.46,56.64,0,0.0,0
2026-04-22 08:14:54,372.56,32.12,56.02,0,0.8,0
2026-04-22 08:14:55,320.83,30.69,55.7,0,2.52,0
2026-04-22 08:14:56,341.39,31.45,55.65,0,0.0,0
2026-04-22 08:14:57,342.31,32.64,56.18,0,5.63,0
2026-04-22 08:14:58,401.38,31.52,57.01,0,4.11,0
2026-04-22 08:14:59,316.56,31.09,58.94,0,0.0,0
2026-04-22 08:15:00,297.15,31.85,57.12,0,10.19,0
2026-04-22 08:15:01,324.4,32.14,55.66,0,8.86,0
2026-04-22 08:15:02,329.59,31.0,59.21,0,4.29,0
2026-04-22 08:15:03,336.43,29.62,56.86,0,0.0,0
2026-04-22 08:15:04,348.05,31.05,57.42,0,0.0,0
2026-04-22 08:15:05,297.43,31.64,55.72,0,2.5,0
2026-04-22 08:15:06,298.83,31.61,56.68,0,1.93,0
2026-04-22 08:15:07,327.12,31.34,57.13,0,1.97,0
2026-04-22 08:15:08,372.85,32.58,58.63,0,6.5,0
2026-04-22 08:15:09,344.01,31.23,55.4,0,2.02,0
2026-04-22 08:15:10,317.47,32.71,55.91,0,14.17,0
2026-04-22 08:15:11,343.36,31.36,58.83,0,2.3,0
2026-04-22 08:15:12,276.38,32.78,56.87,0,12.52,0
2026-04-22 08:15:13,288.02,31.22,54.46,0,6.77,0
2026-04-22 08:15:14,291.06,31.8,54.92,0,2.83,0
2026-04-22 08:15:15,295.28,31.87,54.11,0,6.19,0
2026-04-22 08:15:16,297.58,32.58,55.65,0,6.59,0
2026-04-22 08:15:17,328.04,31.44,57.56,0,18.7,0
2026-04-22 08:15:18,291.97,32.15,57.45,0,24.27,0
2026-04-22 08:15:19,310.43,30.86,58.72,0,5.43,0
2026-04-22 08:15:20,291.08,32.19,54.69,0,5.02,0
2026-04-22 08:15:21,318.14,31.25,58.61,0,20.59,0
2026-04-22 08:15:22,258.33,36.0,59.11,1,22.42,0
2026-04-22 08:15:23,330.9,32.2,54.69,0,10.98,0
2026-04-22 08:15:24,256.22,31.25,54.17,0,14.17,0
2026-04-22 08:15:25,254.96,30.85,54.17,0,7.23,0
2026-04-22 08:15:26,293.75,31.73,56.56,0,10.28,0
2026-04-22 08:15:27,336.09,31.34,56.06,0,13.0,0
2026-04-22 08:15:28,335.98,32.39,54.04,0,15.15,0
2026-04-22 08:15:29,304.9,31.02,57.03,0,21.26,0
2026-04-22 08:15:30,241.1,33.09,58.8,0,16.01,0
2026-04-22 08:15:31,289.09,31.8,56.56,0,7.2,0
2026-04-22 08:15:32,353.43,31.94,56.42,0,19.96,0
2026-04-22 08:15:33,297.78,31.64,55.56,0,18.66,0
2026-04-22 08:15:34,311.37,31.04,59.47,0,17.53,0
2026-04-22 08:15:35,322.92,31.94,53.46,0,8.85,0
2026-04-22 08:15:36,334.52,32.24,54.94,0,5.26,0
2026-04-22 08:15:37,321.79,31.55,57.21,0,9.18,0
2026-04-22 08:15:38,285.96,32.63,59.65,0,15.08,0
2026-04-22 08:15:39,323.12,32.13,57.27,0,12.55,0
2026-04-22 08:15:40,330.46,32.25,56.15,0,12.43,0
2026-04-22 08:15:41,346.5,32.55,56.14,0,2.25,0
2026-04-22 08:15:42,329.6,32.4,53.18,0,15.29,0
2026-04-22 08:15:43,310.06,31.59,55.48,0,25.06,0
2026-04-22 08:15:44,304.86,31.66,53.05,0,11.53,0
2026-04-22 08:15:45,301.52,31.65,58.8,0,10.67,0
2026-04-22 08:15:46,346.74,32.26,55.94,0,22.33,0
2026-04-22 08:15:47,321.39,31.82,54.58,0,8.65,0
2026-04-22 08:15:48,333.02,31.5,55.26,0,14.29,0
2026-04-22 08:15:49,288.51,31.74,55.6,0,9.86,0
2026-04-22 08:15:50,276.09,32.81,53.53,0,11.9,0
2026-04-22 08:15:51,304.97,33.05,55.78,0,11.39,0
2026-04-22 08:15:52,333.06,31.3,52.93,0,11.86,0
2026-04-22 08:15:53,352.94,32.3,56.24,0,16.88,0
2026-04-22 08:15:54,389.38,31.62,58.48,0,10.55,0
2026-04-22 08:15:55,334.5,31.14,57.57,0,22.09,0
2026-04-22 08:15:56,327.96,31.63,58.12,0,5.93,0
2026-04-22 08:15:57,343.07,31.33,59.53,0,27.76,0
2026-04-22 08:15:58,275.82,30.91,58.85,0,13.56,0
2026-04-22 08:15:59,680.09,40.53,69.71,0,23.65,1
2026-04-22 08:16:00,670.11,39.8,65.13,0,10.71,1
2026-04-22 08:16:01,650.83,38.97,60.92,0,10.57,1
2026-04-22 08:16:02,687.89,40.85,65.04,0,3.99,1
2026-04-22 08:16:03,676.42,39.59,60.36,0,18.23,1
2026-04-22 08:16:04,683.8,40.49,61.86,0,7.86,1
2026-04-22 08:16:05,681.88,41.43,62.14,0,15.23,1
2026-04-22 08:16:06,675.85,40.93,65.97,0,31.6,1
2026-04-22 08:16:07,728.88,42.2,64.98,0,21.86,2
2026-04-22 08:16:08,635.5,41.3,62.33,0,17.44,1
2026-04-22 08:16:09,692.24,41.0,61.43,0,19.11,1
2026-04-22 08:16:10,681.89,43.01,65.41,0,10.69,1
2026-04-22 08:16:11,701.62,43.35,61.19,0,13.1,2
2026-04-22 08:16:12,620.82,41.42,63.37,0,12.93,1
2026-04-22 08:16:13,749.87,46.78,61.46,1,3.2,2
2026-04-22 08:16:14,693.33,42.24,62.6,0,19.84,1
2026-04-22 08:16:15,707.07,41.66,63.41,0,22.78,1
2026-04-22 08:16:16,704.05,42.64,61.69,0,0.65,2
2026-04-22 08:16:17,682.39,42.57,64.67,0,22.39,1
2026-04-22 08:16:18,637.07,41.53,62.27,0,16.32,1
2026-04-22 08:16:19,707.31,41.97,63.82,0,13.3,1
2026-04-22 08:16:20,704.79,43.44,63.32,0,24.9,2
2026-04-22 08:16:21,702.85,42.8,62.8,0,19.52,2
2026-04-22 08:16:22,743.18,42.41,62.75,0,20.32,2
2026-04-22 08:16:23,711.86,42.23,61.48,0,9.99,2
2026-04-22 08:16:24,741.5,43.67,65.02,0,10.35,2
2026-04-22 08:16:25,741.36,43.64,59.58,0,8.15,2
2026-04-22 08:16:26,768.89,45.04,63.81,0,10.7,2
2026-04-22 08:16:27,779.64,44.04,60.39,0,0.61,2
2026-04-22 08:16:28,774.1,44.67,63.21,0,23.86,2
2026-04-22 08:16:29,794.4,45.09,59.88,0,4.49,2
2026-04-22 08:16:30,691.97,44.33,63.13,0,4.02,1
2026-04-22 08:16:31,763.29,45.25,63.19,0,16.5,2
2026-04-22 08:16:32,324.07,31.45,62.97,0,7.36,0
2026-04-22 08:16:33,284.67,30.02,57.58,0,2.87,0
2026-04-22 08:16:34,258.12,31.77,62.97,0,19.13,0
2026-04-22 08:16:35,291.37,30.6,57.7,0,0.0,0
2026-04-22 08:16:36,312.36,31.55,60.06,0,7.61,0
2026-04-22 08:16:37,255.03,30.53,62.7,0,18.28,0
2026-04-22 08:16:38,205.64,30.79,59.74,0,0.0,0
2026-04-22 08:16:39,293.75,30.77,58.55,0,0.0,0
